filename,label,chi_mean,chi_std,chi_frac_p_lt_0_05,chi_bias,RS_mean,RS_std,SP_equal_ratio,SP_dev_from_0_5,suspicious_score,susp_z
img079.png,clean,32.0,0.0,1.0,0.5,1.0,0.0,1.0,0.5,0.0,-1.1009589152496226
img051.png,clean,30.551682692307693,5.801934425862476,0.9839743589743589,0.4836738782051282,0.9783396977987118,0.010441564364120139,0.9834,0.48340000000000005,0.0,-1.1009589152496226
img045.png,clean,32.0,0.0,1.0,0.5,1.0,0.0,1.0,0.5,0.0,-1.1009589152496226
img092.png,clean,30.057692307692307,6.229314882499153,0.9775641025641025,0.47936698717948717,0.9500353605680443,0.012056779279496622,0.9736,0.4736,0.0,-1.1009589152496226
img086.png,clean,32.0,0.0,1.0,0.5,1.0,0.0,1.0,0.5,0.0,-1.1009589152496226
img087.png,clean,28.336939102564102,8.74456697661302,0.9519230769230769,0.4582331730769231,0.9425997827666899,0.018849619900156468,0.9654,0.46540000000000004,0.0,-1.1009589152496226
img093.png,clean,32.0,0.0,1.0,0.5,1.0,0.0,1.0,0.5,0.0,-1.1009589152496226
img044.png,clean,32.0,0.0,1.0,0.5,1.0,0.0,1.0,0.5,0.0,-1.1009589152496226
img050.png,clean,32.0,0.0,1.0,0.5,1.0,0.0,1.0,0.5,0.0,-1.1009589152496226
img078.png,clean,32.0,0.0,1.0,0.5,1.0,0.0,1.0,0.5,0.0,-1.1009589152496226
img046.png,clean,31.856169871794872,1.9138590763408603,0.9967948717948718,0.49829727564102566,0.9996,0.00040000000000001146,0.9994,0.49939999999999996,0.0,-1.1009589152496226
img052.png,clean,30.94591346153846,4.678541581417179,0.9839743589743589,0.488681891025641,0.978629581846012,0.010811578230136008,0.9888,0.4888,0.0,-1.1009589152496226
img085.png,clean,32.0,0.0,1.0,0.5,1.0,0.0,1.0,0.5,0.0,-1.1009589152496226
img091.png,clean,27.154246794871796,9.48767207843623,0.9455128205128205,0.4456129807692308,0.913386721034352,0.036034786765283405,0.9396,0.4396,0.0,-1.1009589152496226
img090.png,clean,28.207932692307693,7.427385061462674,0.9839743589743589,0.46264022435897434,0.8967570665958668,0.034057521864403244,0.9506,0.4506,0.0,-1.1009589152496226
img084.png,clean,26.299679487179485,11.524879715700902,0.8717948717948718,0.42588141025641024,0.93746373461023,0.0265854747466759,0.9362,0.43620000000000003,0.0,-1.1009589152496226
img053.png,clean,32.0,0.0,1.0,0.5,1.0,0.0,1.0,0.5,0.0,-1.1009589152496226
img047.png,clean,31.736378205128204,1.4010193831953526,1.0,0.49779647435897434,0.9924941434404244,0.0021103217336333577,0.9972,0.4972,0.0,-1.1009589152496226
img043.png,clean,32.0,0.0,1.0,0.5,1.0,0.0,1.0,0.5,0.0,-1.1009589152496226
img057.png,clean,32.0,0.0,1.0,0.5,1.0,0.0,1.0,0.5,0.0,-1.1009589152496226
img080.png,clean,28.225560897435898,8.629513502577264,0.9583333333333334,0.4582331730769231,0.9381015878228958,0.033196871769989776,0.9636,0.4636,0.0,-1.1009589152496226
img094.png,clean,31.38341346153846,3.1921753241642916,0.9967948717948718,0.4940905448717949,0.9874752322090701,0.005399467286980218,0.9938,0.4938,0.0,-1.1009589152496226
img095.png,clean,30.377403846153847,6.365778133170715,0.967948717948718,0.4807692307692308,0.9718075766972329,0.007042392713660781,0.9868,0.4868,0.0,-1.1009589152496226
img081.png,clean,32.0,0.0,1.0,0.5,1.0,0.0,1.0,0.5,0.0,-1.1009589152496226
img056.png,clean,32.0,0.0,1.0,0.5,1.0,0.0,1.0,0.5,0.0,-1.1009589152496226
img042.png,clean,32.0,0.0,1.0,0.5,1.0,0.0,1.0,0.5,0.0,-1.1009589152496226
img054.png,clean,28.656650641025642,7.6410907512169315,0.967948717948718,0.464443108974359,0.9452556999438447,0.0204235470406292,0.9672,0.46719999999999995,0.0,-1.1009589152496226
img040.png,clean,32.0,0.0,1.0,0.5,1.0,0.0,1.0,0.5,0.0,-1.1009589152496226
img068.png,clean,30.0625,6.395681949264977,0.9839743589743589,0.47936698717948717,0.968550457908329,0.012989670647475863,0.9796,0.4796,0.0,-1.1009589152496226
img097.png,clean,26.743990384615383,10.037510474652253,0.9326923076923077,0.4404046474358974,0.8782289011583689,0.035801232439211246,0.938,0.43799999999999994,0.0,-1.1009589152496226
img083.png,clean,32.0,0.0,1.0,0.5,1.0,0.0,1.0,0.5,0.0,-1.1009589152496226
img082.png,clean,32.0,0.0,1.0,0.5,1.0,0.0,1.0,0.5,0.0,-1.1009589152496226
img096.png,clean,32.0,0.0,1.0,0.5,1.0,0.0,1.0,0.5,0.0,-1.1009589152496226
img069.png,clean,31.951121794871796,0.523596589954674,1.0,0.499599358974359,0.9989999999999999,0.0009591663046625396,0.9996,0.49960000000000004,0.0,-1.1009589152496226
img041.png,clean,32.0,0.0,1.0,0.5,1.0,0.0,1.0,0.5,0.0,-1.1009589152496226
img055.png,clean,32.0,0.0,1.0,0.5,1.0,0.0,1.0,0.5,0.0,-1.1009589152496226
img032.png,clean,25.108173076923077,11.818693147723414,0.8621794871794872,0.4152644230769231,0.9108521558838674,0.04578680169650747,0.9332,0.43320000000000003,0.0,-1.1009589152496226
img026.png,clean,32.0,0.0,1.0,0.5,1.0,0.0,1.0,0.5,0.0,-1.1009589152496226
img027.png,clean,31.290865384615383,2.8141257217886597,1.0,0.4937900641025641,0.9872691353287155,0.0037541107653880352,0.9928,0.4928,0.0,-1.1009589152496226
img033.png,clean,32.0,0.0,1.0,0.5,1.0,0.0,1.0,0.5,0.0,-1.1009589152496226
img019.png,clean,30.141025641025642,6.5598776498798985,0.9743589743589743,0.47936698717948717,0.9681383153261305,0.009322218228359441,0.9804,0.48040000000000005,0.0,-1.1009589152496226
img025.png,clean,31.31169871794872,3.285844518185647,1.0,0.4935897435897436,0.9825680995924277,0.004378317197024583,0.9936,0.49360000000000004,0.0,-1.1009589152496226
img031.png,clean,32.0,0.0,1.0,0.5,1.0,0.0,1.0,0.5,0.0,-1.1009589152496226
img030.png,clean,32.0,0.0,1.0,0.5,1.0,0.0,1.0,0.5,0.0,-1.1009589152496226
img024.png,clean,28.529246794871796,8.887236282645999,0.9262820512820513,0.457431891025641,0.9286578164934263,0.023560111244823292,0.9554,0.4554,0.0,-1.1009589152496226
img020.png,clean,32.0,0.0,1.0,0.5,1.0,0.0,1.0,0.5,0.0,-1.1009589152496226
img034.png,clean,32.0,0.0,1.0,0.5,1.0,0.0,1.0,0.5,0.0,-1.1009589152496226
img008.png,clean,32.0,0.0,1.0,0.5,1.0,0.0,1.0,0.5,0.0,-1.1009589152496226
img035.png,clean,32.0,0.0,1.0,0.5,1.0,0.0,1.0,0.5,0.0,-1.1009589152496226
img021.png,clean,32.0,0.0,1.0,0.5,1.0,0.0,1.0,0.5,0.0,-1.1009589152496226
img037.png,clean,29.729567307692307,7.069540197979943,0.9775641025641025,0.4752604166666667,0.943458486011368,0.01654506981255601,0.9722,0.47219999999999995,0.0,-1.1009589152496226
img023.png,clean,32.0,0.0,1.0,0.5,1.0,0.0,1.0,0.5,0.0,-1.1009589152496226
img022.png,clean,31.201121794871796,3.41695708148412,1.0,0.492588141025641,0.9841655551397538,0.004171946589026785,0.992,0.492,0.0,-1.1009589152496226
img036.png,clean,28.020833333333332,9.160044592345644,0.9423076923076923,0.4541266025641026,0.9702311556328536,0.011189344639238676,0.9808,0.4808,0.0,-1.1009589152496226
img013.png,clean,32.0,0.0,1.0,0.5,1.0,0.0,1.0,0.5,0.0,-1.1009589152496226
img007.png,clean,32.0,0.0,1.0,0.5,1.0,0.0,1.0,0.5,0.0,-1.1009589152496226
img006.png,clean,32.0,0.0,1.0,0.5,1.0,0.0,1.0,0.5,0.0,-1.1009589152496226
img012.png,clean,32.0,0.0,1.0,0.5,1.0,0.0,1.0,0.5,0.0,-1.1009589152496226
img038.png,clean,27.697115384615383,10.068734516110611,0.907051282051282,0.44591346153846156,0.91771417876299,0.0263786973206177,0.9512,0.45120000000000005,0.0,-1.1009589152496226
img004.png,clean,32.0,0.0,1.0,0.5,1.0,0.0,1.0,0.5,0.0,-1.1009589152496226
img010.png,clean,30.771634615384617,4.270223458523553,1.0,0.4885817307692308,0.9667303951534169,0.01023641239178885,0.9828,0.4828,0.0,-1.1009589152496226
img011.png,clean,31.508814102564102,3.584715153016018,0.9903846153846154,0.4941907051282051,0.9991,0.0011618950038622129,0.9996,0.49960000000000004,0.0,-1.1009589152496226
img005.png,clean,28.87940705128205,8.478457725413092,0.9423076923076923,0.4622395833333333,0.9508850977580741,0.023808578666238835,0.9634,0.46340000000000003,0.0,-1.1009589152496226
img039.png,clean,32.0,0.0,1.0,0.5,1.0,0.0,1.0,0.5,0.0,-1.1009589152496226
img001.png,clean,24.296875,12.994407398871122,0.8012820512820513,0.3981370192307692,0.8464891207502885,0.0536475397059312,0.8908,0.39080000000000004,0.0,-1.1009589152496226
img015.png,clean,32.0,0.0,1.0,0.5,1.0,0.0,1.0,0.5,0.0,-1.1009589152496226
img029.png,clean,32.0,0.0,1.0,0.5,1.0,0.0,1.0,0.5,0.0,-1.1009589152496226
img028.png,clean,32.0,0.0,1.0,0.5,1.0,0.0,1.0,0.5,0.0,-1.1009589152496226
img014.png,clean,24.16346153846154,12.068228971881146,0.8653846153846154,0.40544871794871795,0.8381366992018032,0.04326609055590485,0.898,0.398,0.0,-1.1009589152496226
img016.png,clean,31.97596153846154,0.42392288674395184,1.0,0.49979967948717946,0.9992999599839936,0.0004795915078587798,0.9996,0.49960000000000004,0.0,-1.1009589152496226
img002.png,clean,29.46434294871795,7.7628667365171635,0.9551282051282052,0.4694511217948718,0.9845673093097507,0.005839427368436301,0.993,0.493,0.0,-1.1009589152496226
img003.png,clean,32.0,0.0,1.0,0.5,1.0,0.0,1.0,0.5,0.0,-1.1009589152496226
img017.png,clean,22.871794871794872,13.604901289098997,0.7532051282051282,0.3796073717948718,0.8105567211167629,0.06441439211720286,0.8724,0.37239999999999995,0.0,-1.1009589152496226
imh009.png,clean,32.0,0.0,1.0,0.5,1.0,0.0,1.0,0.5,0.0,-1.1009589152496226
img058.png,clean,30.724759615384617,4.745803428567164,0.9935897435897436,0.4870793269230769,0.9679653100929251,0.008602524842214233,0.9846,0.48460000000000003,0.0,-1.1009589152496226
img070.png,clean,32.0,0.0,1.0,0.5,1.0,0.0,1.0,0.5,0.0,-1.1009589152496226
img064.png,clean,23.521233974358974,12.301598545008844,0.8461538461538461,0.3987379807692308,0.8973997282811621,0.0409861191124076,0.9418,0.44179999999999997,0.0,-1.1009589152496226
img065.png,clean,32.0,0.0,1.0,0.5,1.0,0.0,1.0,0.5,0.0,-1.1009589152496226
img071.png,clean,32.0,0.0,1.0,0.5,1.0,0.0,1.0,0.5,0.0,-1.1009589152496226
img059.png,clean,32.0,0.0,1.0,0.5,1.0,0.0,1.0,0.5,0.0,-1.1009589152496226
img067.png,clean,29.192307692307693,7.1746524615333795,0.9711538461538461,0.4703525641025641,0.9681620317735101,0.01729393567401175,0.978,0.478,0.0,-1.1009589152496226
img073.png,clean,10.249198717948717,13.581001772092813,0.40384615384615385,0.19791666666666666,0.8036109976884244,0.11348353470031013,0.7792,0.2792,0.0,-1.1009589152496226
img098.png,clean,32.0,0.0,1.0,0.5,1.0,0.0,1.0,0.5,0.0,-1.1009589152496226
img099.png,clean,28.190705128205128,8.480020456266109,0.967948717948718,0.45913461538461536,0.9297482796428589,0.0235138708803072,0.9514,0.4514,0.0,-1.1009589152496226
img072.png,clean,32.0,0.0,1.0,0.5,1.0,0.0,1.0,0.5,0.0,-1.1009589152496226
img066.png,clean,26.470753205128204,10.051783790222228,0.9423076923076923,0.43860176282051283,0.9252171474048847,0.028536348663257858,0.947,0.44699999999999995,0.0,-1.1009589152496226
img062.png,clean,32.0,0.0,1.0,0.5,1.0,0.0,1.0,0.5,0.0,-1.1009589152496226
img076.png,clean,32.0,0.0,1.0,0.5,1.0,0.0,1.0,0.5,0.0,-1.1009589152496226
img089.png,clean,32.0,0.0,1.0,0.5,1.0,0.0,1.0,0.5,0.0,-1.1009589152496226
img088.png,clean,28.002403846153847,9.19299254921841,0.9423076923076923,0.453525641025641,0.9356645710966762,0.026463508362452582,0.956,0.45599999999999996,0.0,-1.1009589152496226
img077.png,clean,30.80849358974359,4.769158812159638,0.9935897435897436,0.4879807692307692,0.9770310476163964,0.006439565682803707,0.9876,0.48760000000000003,0.0,-1.1009589152496226
img063.png,clean,32.0,0.0,1.0,0.5,1.0,0.0,1.0,0.5,0.0,-1.1009589152496226
img075.png,clean,32.0,0.0,1.0,0.5,1.0,0.0,1.0,0.5,0.0,-1.1009589152496226
img061.png,clean,32.0,0.0,1.0,0.5,1.0,0.0,1.0,0.5,0.0,-1.1009589152496226
img049.png,clean,29.587339743589745,3.482770661517657,1.0,0.4797676282051282,0.9731836302875129,0.0250557223822359,0.9652,0.46519999999999995,0.0,-1.1009589152496226
img048.png,clean,32.0,0.0,1.0,0.5,1.0,0.0,1.0,0.5,0.0,-1.1009589152496226
img060.png,clean,32.0,0.0,1.0,0.5,1.0,0.0,1.0,0.5,0.0,-1.1009589152496226
img074.png,clean,32.0,0.0,1.0,0.5,1.0,0.0,1.0,0.5,0.0,-1.1009589152496226
img100.png,clean,32.0,0.0,1.0,0.5,1.0,0.0,1.0,0.5,0.0,-1.1009589152496226
img050_5percent.png,5percent,28.517628205128204,3.336240180391057,1.0,0.47115384615384615,0.9107333334537839,0.038651966102861354,0.9442,0.44420000000000004,0.24197168251850512,-0.38295083394631474
img005_5percent.png,5percent,25.94551282051282,8.096636631158342,0.9423076923076923,0.4375,0.8716092226136091,0.05357610954790133,0.9144,0.4144,0.20426206508013067,-0.49484744011856113
img057_5percent.png,5percent,28.928285256410255,3.145113990235886,1.0,0.4746594551282051,0.9244204617639609,0.03486765540506639,0.9502,0.45020000000000004,0.21336140020730443,-0.4678467758763799
img002_5percent.png,5percent,26.823317307692307,7.717180247125469,0.9551282051282052,0.44681490384615385,0.9096223100773895,0.035840011604513826,0.9478,0.4478,0.18415219427563204,-0.5545199174981869
img042_5percent.png,5percent,29.134214743589745,3.2805158251234197,1.0,0.4762620192307692,0.9258325667187168,0.03209605982525422,0.9538,0.4538,0.19919072982734318,-0.5098957286480311
img017_5percent.png,5percent,20.853766025641026,12.63955748042728,0.7532051282051282,0.3622796474358974,0.748315086352852,0.08134359403784419,0.8378,0.3378,0.1409398938800464,-0.682744760061588
img045_5percent.png,5percent,29.14142628205128,3.035724890359843,1.0,0.47646233974358976,0.9286762274679828,0.030968666509103005,0.953,0.45299999999999996,0.198673221335938,-0.5114313433741203
img010_5percent.png,5percent,27.647435897435898,5.064082278440383,0.9967948717948718,0.4621394230769231,0.8927348602963505,0.038770020299353294,0.9336,0.4336,0.21671835600820497,-0.45788560451724675
img073_5percent.png,5percent,9.324919871794872,12.456942910532737,0.391025641025641,0.19000400641025642,0.7391031739827979,0.115679475082705,0.7494,0.24939999999999996,0.06769771825222748,-0.9000779349424478
img026_5percent.png,5percent,28.994791666666668,3.4075653066048064,1.0,0.47506009615384615,0.9264457406098774,0.0330802341657948,0.9506,0.4506,0.20879985321238625,-0.48138235810445984
img074_5percent.png,5percent,29.10536858974359,3.561623433594762,1.0,0.4758613782051282,0.9294696458602711,0.03013576965875812,0.9542,0.45420000000000005,0.20090520719761898,-0.5048083209222303
img021_5percent.png,5percent,28.97275641025641,3.261576241894351,1.0,0.4749599358974359,0.9296818456207623,0.03197325203727646,0.9514,0.4514,0.21003434927684325,-0.47771920983276295
img061_5percent.png,5percent,29.139423076923077,3.2052816469680994,1.0,0.47636217948717946,0.9257278442746071,0.03174109164612925,0.9532,0.45320000000000005,0.1989152314745242,-0.5107132211812521
img034_5percent.png,5percent,28.875400641025642,3.0694664746248237,1.0,0.4742588141025641,0.9277537498790535,0.033351113726116856,0.9504,0.4504,0.2167117734919545,-0.45790513696754814
img099_5percent.png,5percent,25.584535256410255,8.269633254202594,0.9647435897435898,0.4361979166666667,0.8608142759243638,0.047223147185654415,0.9068,0.40680000000000005,0.1814985348527928,-0.5623941815062471
img066_5percent.png,5percent,24.231570512820515,9.718326723068637,0.9423076923076923,0.4186698717948718,0.8609002681274993,0.04799845035616569,0.9076,0.40759999999999996,0.1562866079534365,-0.6372061060692863
img033_5percent.png,5percent,28.73076923076923,3.268658038067379,1.0,0.4729567307692308,0.916351269287502,0.036052573998520195,0.9476,0.4476,0.22715648183472356,-0.4269123161593086
img011_5percent.png,5percent,28.717147435897434,4.721046884939941,0.9903846153846154,0.4707532051282051,0.9269513654672079,0.03288869495161459,0.9542,0.45420000000000005,0.1940783532592024,-0.5250658000067325
img044_5percent.png,5percent,28.66746794871795,3.4195040827654584,1.0,0.4723557692307692,0.915515420461025,0.036326934261455904,0.9452,0.44520000000000004,0.2316737769929398,-0.41350804341353586
img016_5percent.png,5percent,28.89863782051282,3.412583377432496,1.0,0.4742588141025641,0.9238855315901007,0.034243176048403705,0.9498,0.4498,0.21372745831511322,-0.4667605633208541
img043_5percent.png,5percent,29.01642628205128,3.3555918410229846,1.0,0.4752604166666667,0.9251211211913561,0.03340107450139756,0.952,0.45199999999999996,0.20726310917886306,-0.4859423736545435
img003_5percent.png,5percent,28.97275641025641,3.2489302625511134,1.0,0.4749599358974359,0.9300743627547484,0.031762700786556665,0.9522,0.45220000000000005,0.2099281704513989,-0.47803427667834936
img056_5percent.png,5percent,28.817307692307693,3.1114573418160223,1.0,0.47375801282051283,0.927831154602768,0.033095008862012436,0.9486,0.4486,0.22077525434480189,-0.44584747773983024
img004_5percent.png,5percent,29.25400641025641,3.081798167023045,1.0,0.47736378205128205,0.9360853293860616,0.029046491127900313,0.9552,0.45520000000000005,0.19060593869171874,-0.5353695747920234
img051_5percent.png,5percent,27.59775641025641,6.184306914892494,0.9807692307692307,0.4589342948717949,0.9020575329843586,0.04097970806078862,0.9344,0.4344,0.20546272560087586,-0.4912846928258858
img032_5percent.png,5percent,22.669471153846153,11.057608630013657,0.8557692307692307,0.3935296474358974,0.8383748720391044,0.07058167606552769,0.8894,0.38939999999999997,0.1704187974941821,-0.5952713383677416
img067_5percent.png,5percent,26.427884615384617,7.110238848779019,0.9711538461538461,0.44711538461538464,0.8992607071199477,0.04464765542013623,0.9314,0.4314,0.1922537905213717,-0.5304798665494451
img098_5percent.png,5percent,28.985977564102566,3.2870566274301587,1.0,0.47506009615384615,0.9243976091901613,0.0333053584787167,0.9502,0.45020000000000004,0.20952187671466801,-0.4792398813314202
img035_5percent.png,5percent,29.040064102564102,3.1487554514961555,1.0,0.4755608974358974,0.9222884700252965,0.03422435558552592,0.952,0.45199999999999996,0.20581526732048608,-0.4902385877567221
img060_5percent.png,5percent,28.878205128205128,3.318766711229255,1.0,0.47415865384615385,0.9189144234411953,0.03550613531089738,0.951,0.45099999999999996,0.21685079666715462,-0.45749261033532745
img020_5percent.png,5percent,29.19591346153846,3.1362185372937486,1.0,0.4768629807692308,0.9262546154132623,0.03208885252416172,0.9542,0.45420000000000005,0.195020378266133,-0.5222705077612679
img075_5percent.png,5percent,28.78205128205128,3.3175569706909944,1.0,0.4733573717948718,0.9194354730249041,0.03664093665608411,0.948,0.44799999999999995,0.2235614154543028,-0.43758003846093174
img027_5percent.png,5percent,28.37139423076923,4.03431259376334,1.0,0.4694511217948718,0.9184214421054919,0.03409197024719228,0.9444,0.4444,0.2027725633557995,-0.49926727248924857
img072_5percent.png,5percent,29.033653846153847,3.07264952621459,1.0,0.4755608974358974,0.9247210628914713,0.03305543320022477,0.9524,0.4524,0.2060896568145352,-0.4894243855653688
img087_5percent.png,5percent,25.798076923076923,8.645118462164186,0.9487179487179487,0.4360977564102564,0.8752791257283723,0.04346535876625156,0.9208,0.42079999999999995,0.17694630796600117,-0.5759021079653386
img078_5percent.png,5percent,29.08613782051282,3.2983858334048044,1.0,0.4758613782051282,0.9276572170110012,0.031644933043714324,0.9554,0.4554,0.20213268255499042,-0.5011660053544739
img080_5percent.png,5percent,25.700320512820515,8.28811464981956,0.9583333333333334,0.43669871794871795,0.8706271767544416,0.0574034549866802,0.9226,0.4226,0.1756469219626958,-0.5797578056296068
imh009_5percent.png,5percent,28.806490384615383,3.5006386697374796,1.0,0.47345753205128205,0.9239941108282652,0.034355619494897835,0.949,0.44899999999999995,0.22162126187587394,-0.44333710033603324
img095_5percent.png,5percent,27.377003205128204,6.6716387203395024,0.967948717948718,0.45522836538461536,0.9022620725698831,0.03589704147225984,0.9366,0.4366,0.20839066075813276,-0.4825965641880162
img092_5percent.png,5percent,27.411858974358974,6.444586557971635,0.967948717948718,0.45693108974358976,0.8826863697372791,0.03664844499831655,0.93,0.43000000000000005,0.18395761348796744,-0.5550973014984772
img038_5percent.png,5percent,25.061298076923077,9.543564635880404,0.907051282051282,0.4231770833333333,0.8485603327776181,0.05223165731520071,0.905,0.405,0.18365941917983017,-0.5559821402565202
img049_5percent.png,5percent,26.846554487179485,4.421993735091106,1.0,0.45622996794871795,0.8990246813805686,0.049470082740745554,0.9198,0.41979999999999995,0.1907804292293743,-0.5348518050478797
img039_5percent.png,5percent,29.009615384615383,3.0869652832131615,1.0,0.4753605769230769,0.9263145036987621,0.03212045958310734,0.9512,0.45120000000000005,0.20775230330678363,-0.4844907767837145
img093_5percent.png,5percent,29.28044871794872,3.1056894323055313,1.0,0.4775641025641026,0.9303986479388338,0.029800120677786174,0.9556,0.4556,0.18905368505258718,-0.5399756123478588
img094_5percent.png,5percent,28.431089743589745,4.4570442407206325,0.9967948717948718,0.46935096153846156,0.9207990145269678,0.03377819331143018,0.9464,0.4464,0.20475221823498127,-0.49339299750529325
img081_5percent.png,5percent,29.197916666666668,2.965208188648803,1.0,0.476963141025641,0.935653733088108,0.028266025322560936,0.9552,0.45520000000000005,0.1943589488169908,-0.524233182421183
img079_5percent.png,5percent,29.135016025641026,3.3071966859585133,1.0,0.4762620192307692,0.9290076911251552,0.032588482946980794,0.9552,0.45520000000000005,0.1988411500321258,-0.5109330447315247
img086_5percent.png,5percent,29.13341346153846,3.295277453039591,1.0,0.4762620192307692,0.9293761501032918,0.030934860767277222,0.9532,0.45320000000000005,0.19915337732456698,-0.5100065655797377
img048_5percent.png,5percent,28.962339743589745,3.465790342573661,1.0,0.47475961538461536,0.9249019993621508,0.03297364594460866,0.9508,0.4508,0.21100647642036097,-0.4748345948322178
img008_5percent.png,5percent,28.93309294871795,3.2128018865959325,1.0,0.4746594551282051,0.922465765499757,0.03402569434127498,0.9508,0.4508,0.2130615346146886,-0.4687365738748978
img069_5percent.png,5percent,28.89863782051282,3.4269932886185046,1.0,0.4742588141025641,0.9220590465030695,0.034126805879288506,0.951,0.45099999999999996,0.21200850133315094,-0.47186126350037727
img096_5percent.png,5percent,28.881009615384617,3.15558969710037,1.0,0.4742588141025641,0.9179034457716428,0.035756224649493885,0.9494,0.4494,0.2168864887798798,-0.4573867003168132
img091_5percent.png,5percent,24.35536858974359,8.877057432630394,0.9455128205128205,0.42177483974358976,0.8391783989825097,0.06072098661313605,0.8934,0.39339999999999997,0.19473858756024243,-0.5231066717369849
img084_5percent.png,5percent,23.68349358974359,10.84695968598787,0.8621794871794872,0.40284455128205127,0.8639695523205484,0.0511386999769419,0.8904,0.39039999999999997,0.1825008121631836,-0.5594201012292606
img029_5percent.png,5percent,28.96955128205128,3.2255730146767996,1.0,0.4749599358974359,0.9218547179255138,0.03375086633215432,0.9496,0.4496,0.21079478481825234,-0.4754627521416849
img083_5percent.png,5percent,29.05448717948718,3.0002730740828247,1.0,0.47576121794871795,0.9298024128201963,0.03190778607371058,0.9528,0.4528,0.20443290843376957,-0.4943404927465673
img058_5percent.png,5percent,27.887419871794872,5.405668320714792,0.9903846153846154,0.46304086538461536,0.8931085697269652,0.037079211858497815,0.937,0.43700000000000006,0.19748305093679153,-0.5149629630901993
img082_5percent.png,5percent,29.018830128205128,3.402045598812571,1.0,0.4752604166666667,0.9229858423878999,0.03366417547221029,0.9518,0.4518,0.2072200392537982,-0.4860701760235473
img028_5percent.png,5percent,28.83253205128205,3.3494551076560923,1.0,0.47375801282051283,0.9223615612589797,0.034880009474369804,0.9482,0.44820000000000004,0.22004889674258066,-0.4480028151862732
img085_5percent.png,5percent,29.200721153846153,3.1957104977933093,1.0,0.4768629807692308,0.9349630406154921,0.029534522110621308,0.955,0.45499999999999996,0.1942250984051043,-0.5246303597950807
img090_5percent.png,5percent,26.056490384615383,7.453075961532197,0.9807692307692307,0.44381009615384615,0.8439225300540988,0.05047324340892202,0.9168,0.41679999999999995,0.14931489541769388,-0.6578934273669094
img097_5percent.png,5percent,24.330929487179485,9.611710402442043,0.9294871794871795,0.4192708333333333,0.8140793154256329,0.054417813688457155,0.897,0.397,0.16803165556746308,-0.6023547589430858
img068_5percent.png,5percent,27.38221153846154,6.673642790100985,0.9871794871794872,0.4567307692307692,0.9033890312617324,0.03873584221445767,0.9364,0.4364,0.18610980528245305,-0.5487110537984509
img059_5percent.png,5percent,29.11738782051282,3.031401520703494,1.0,0.4762620192307692,0.9248398855098822,0.03324916191864831,0.9534,0.4534,0.20039932093893445,-0.506309448732622
img019_5percent.png,5percent,27.48878205128205,6.649814012528193,0.9711538461538461,0.45713141025641024,0.8997094405406442,0.0363598797859131,0.9368,0.43679999999999997,0.18443226465700405,-0.5536888582805719
img041_5percent.png,5percent,28.705929487179485,3.5993178575807576,1.0,0.47255608974358976,0.9182666613639241,0.03548671624271965,0.947,0.44699999999999995,0.228791611756973,-0.42206035792214525
img014_5percent.png,5percent,22.006810897435898,11.231386118397063,0.8557692307692307,0.3877203525641026,0.772232644331571,0.06037302837370496,0.8586,0.35860000000000003,0.15086294357276614,-0.6532998688396485
img046_5percent.png,5percent,29.005608974358974,3.639211283199371,0.9967948717948718,0.4745592948717949,0.9335604560767038,0.03143709100569733,0.9538,0.4538,0.1977499732427254,-0.5141709184561088
img013_5percent.png,5percent,28.799278846153847,3.3820447429622615,1.0,0.47345753205128205,0.9274521961944877,0.033982740626817776,0.9486,0.4486,0.22199224037195409,-0.44223628740039184
img053_5percent.png,5percent,28.984375,3.2467017055997354,1.0,0.47506009615384615,0.9274481869373472,0.03212658548778263,0.9518,0.4518,0.20931565687376186,-0.47985180215932277
img006_5percent.png,5percent,29.05889423076923,3.260751296504998,1.0,0.4756610576923077,0.9234023944788772,0.033048184187797355,0.953,0.45299999999999996,0.20440137416613618,-0.4944340650966997
img054_5percent.png,5percent,25.96153846153846,7.718863416386405,0.967948717948718,0.4407051282051282,0.8797306731980666,0.04328072940738682,0.9236,0.4236,0.18715712605691445,-0.545603315025247
img001_5percent.png,5percent,22.08253205128205,12.206018120761469,0.7948717948717948,0.37880608974358976,0.7883401673141697,0.06875799789439876,0.8524,0.35240000000000005,0.15424836450111562,-0.643254232259912
img062_5percent.png,5percent,28.82451923076923,3.2144187265554214,1.0,0.47375801282051283,0.9151388056976411,0.03598963029782354,0.9488,0.4488,0.2208362780502714,-0.4456664007095673
img037_5percent.png,5percent,27.232371794871796,7.020680427811885,0.9775641025641025,0.4545272435897436,0.8721150238481357,0.04133479401229958,0.9308,0.43079999999999996,0.17399608020361315,-0.5846563859578386
img065_5percent.png,5percent,29.13982371794872,3.003491992933716,1.0,0.47646233974358976,0.9277946720661985,0.03335149218406649,0.954,0.45399999999999996,0.1987080771008118,-0.5113279150696225
img030_5percent.png,5percent,29.111778846153847,3.336628301481126,1.0,0.47606169871794873,0.9293081736515032,0.032535248993025144,0.953,0.45299999999999996,0.20061878549174236,-0.5056582265696168
img070_5percent.png,5percent,29.25440705128205,3.261065145375998,1.0,0.4772636217948718,0.9293967057553912,0.029923125360745248,0.9548,0.4548,0.1909204859212483,-0.5344362116381076
img025_5percent.png,5percent,28.266826923076923,4.41309165011923,1.0,0.46814903846153844,0.9128044541900497,0.03347049298102883,0.9448,0.4448,0.21120542781746013,-0.47424424182306824
img077_5percent.png,5percent,27.994791666666668,5.146192397352783,0.9967948717948718,0.46484375,0.9064552316240637,0.035271777724130496,0.9418,0.44179999999999997,0.1955198038625032,-0.5207885508212194
img022_5percent.png,5percent,28.149839743589745,4.646399295866163,1.0,0.46694711538461536,0.907036677171446,0.03569203528600074,0.9442,0.44420000000000004,0.2118480710412769,-0.4723373119571739
img088_5percent.png,5percent,25.246794871794872,8.957587350252835,0.9326923076923077,0.42988782051282054,0.8607353377434079,0.053487998551770825,0.9094,0.4094,0.1919345575637749,-0.5314271337709116
img100_5percent.png,5percent,29.067307692307693,3.224610659494483,1.0,0.47576121794871795,0.9245244957870691,0.032785892346574974,0.952,0.45199999999999996,0.20390244627363366,-0.49591454518873296
img055_5percent.png,5percent,28.633814102564102,3.270372298661484,1.0,0.47215544871794873,0.9151320187261032,0.03769298839842255,0.9456,0.4456,0.23388672628792548,-0.40694150859931166
img007_5percent.png,5percent,28.959535256410255,3.2462248822188013,1.0,0.47485977564102566,0.9301687845298459,0.0314823757196317,0.9508,0.4508,0.21095943168687212,-0.4749741917407328
img052_5percent.png,5percent,28.040464743589745,5.392247895279073,0.9839743589743589,0.46424278846153844,0.9026752625051244,0.041792753634876015,0.94,0.43999999999999995,0.202198867727375,-0.5009696125859484
img012_5percent.png,5percent,28.995192307692307,3.5515572101352815,1.0,0.4749599358974359,0.9282433484931758,0.03143209322654081,0.9518,0.4518,0.20856026714959924,-0.4820932872820323
img047_5percent.png,5percent,28.716746794871796,3.575752172529397,1.0,0.47265625,0.9176184251939619,0.034647164865972656,0.9486,0.4486,0.2097298742840109,-0.47862268540946257
img015_5percent.png,5percent,29.196714743589745,3.1447636613800523,1.0,0.4768629807692308,0.9294832477242206,0.030174288145055118,0.9558,0.4558,0.19464623404111836,-0.5233807144364351
img040_5percent.png,5percent,29.020833333333332,3.2585819057259844,1.0,0.4753605769230769,0.9244005998701266,0.03626594529703435,0.9518,0.4518,0.20702390095554282,-0.48665218166046587
img089_5percent.png,5percent,29.091746794871796,3.017318798861679,1.0,0.47606169871794873,0.9276797450557637,0.03265961641224699,0.953,0.45299999999999996,0.20202457444196278,-0.5014867970190207
img023_5percent.png,5percent,28.885817307692307,3.2258305512642282,1.0,0.4742588141025641,0.9274187198922009,0.03270681314960095,0.9486,0.4486,0.21623291951582138,-0.45932605127061543
img076_5percent.png,5percent,29.298076923076923,2.995705444376575,1.0,0.4777644230769231,0.9383311265184362,0.02857957187335831,0.9568,0.4568,0.18739500898660857,-0.5448974395932678
img024_5percent.png,5percent,25.77684294871795,8.52453511502287,0.9294871794871795,0.43439503205128205,0.8583817645157896,0.050329831297687484,0.9114,0.4114,0.19122622122766764,-0.5335289963042139
img071_5percent.png,5percent,28.842147435897434,3.479021152131818,1.0,0.47375801282051283,0.9230634879344051,0.03402674488829665,0.9492,0.44920000000000004,0.21926670707548973,-0.450323824389655
img031_5percent.png,5percent,29.071714743589745,3.0964101203445855,1.0,0.4758613782051282,0.9241490247064585,0.034809397383859825,0.9524,0.4524,0.20358135555733062,-0.4968673249798948
img064_5percent.png,5percent,21.52764423076923,11.587809575084856,0.8333333333333334,0.38070913461538464,0.8350567139214397,0.060753776361884504,0.9006,0.40059999999999996,0.14004976114441614,-0.6853860711892498
img036_5percent.png,5percent,25.20753205128205,8.848478528798822,0.9358974358974359,0.4296875,0.889612012748379,0.040991957004552854,0.93,0.43000000000000005,0.1964935960864459,-0.5178989949896287
img063_5percent.png,5percent,28.83573717948718,3.387199121110772,1.0,0.47375801282051283,0.9203027276684904,0.03346642747348715,0.9502,0.45020000000000004,0.21970500590667416,-0.4490232502913113
img049_10percent.png,10percent,23.884214743589745,5.160850727615685,1.0,0.42918669871794873,0.8281632335132506,0.07140389286650757,0.8716,0.37160000000000004,0.39647390518889064,0.07550712816739714
img070_10percent.png,10percent,25.818910256410255,4.213367170687005,1.0,0.44751602564102566,0.846068027724011,0.060615816606753734,0.8988,0.39880000000000004,0.42953039611089905,0.17359640611303576
img067_10percent.png,10percent,23.388221153846153,7.164447108085349,0.9615384615384616,0.4189703525641026,0.8103517653019372,0.07291129505721136,0.8804,0.38039999999999996,0.40420625021039835,0.09845149155356879
img063_10percent.png,10percent,25.983173076923077,4.295012540149839,1.0,0.4489182692307692,0.8575959359705345,0.060767836812958116,0.9024,0.4024,0.4176845126255928,0.13844584641075816
img074_10percent.png,10percent,26.10136217948718,4.405479013680563,1.0,0.44981971153846156,0.8510076542183767,0.06116004652651059,0.9072,0.4072,0.40957657486100596,0.11438697812879535
img093_10percent.png,10percent,25.916266025641026,4.384553424662258,1.0,0.4482171474358974,0.8495252076043344,0.0595707853401811,0.9002,0.4002,0.42274073228860837,0.15344928210663641
img084_10percent.png,10percent,21.775240384615383,10.143803465184652,0.8557692307692307,0.3881209935897436,0.8085598048938034,0.06812438403609117,0.858,0.358,0.31558573272422025,-0.16451418716584407
img039_10percent.png,10percent,26.10576923076923,4.146098766938277,1.0,0.4501201923076923,0.8456396707388554,0.06171233681889696,0.9044,0.4044,0.40983208595310444,0.11514516200832975
img017_10percent.png,10percent,18.791266025641026,11.564377439388625,0.7660256410256411,0.3444511217948718,0.6943757714031142,0.0920208445765835,0.8012,0.3012,0.28469364676556014,-0.2561809769974935
img080_10percent.png,10percent,23.36338141025641,8.197428362307733,0.9455128205128205,0.4149639423076923,0.8040057363347379,0.07781779690913858,0.8798,0.3798,0.33892060917466704,-0.09527207712532844
img097_10percent.png,10percent,21.884214743589745,8.998963015866687,0.9262820512820513,0.3971354166666667,0.7410160055858355,0.07130227801750286,0.8512,0.35119999999999996,0.33923176637318747,-0.09434877328758999
img004_10percent.png,10percent,26.002804487179485,4.380141455490687,1.0,0.44901842948717946,0.8514436799697401,0.05964097847688366,0.901,0.401,0.41680602574273856,0.13583909228712196
img013_10percent.png,10percent,26.053685897435898,4.072881512885717,1.0,0.44971955128205127,0.8454529154399,0.0625029002468176,0.9056,0.40559999999999996,0.41317438750079527,0.12506284946835325
img087_10percent.png,10percent,22.665064102564102,8.089901844575445,0.9487179487179487,0.40845352564102566,0.7863740405181168,0.07193932239516038,0.8708,0.3708,0.39500185096286045,0.07113906815555862
img090_10percent.png,10percent,23.55088141025641,7.352718216321688,0.9807692307692307,0.4211738782051282,0.7759208748001531,0.06664138495450628,0.8714,0.37139999999999995,0.32416654162290004,-0.13905215760418144
img003_10percent.png,10percent,26.296875,4.097892703497128,1.0,0.4518229166666667,0.8569842460572089,0.05742957979582992,0.9048,0.40480000000000005,0.3965624582351727,0.07576989363727685
img014_10percent.png,10percent,19.814102564102566,10.623533903181404,0.8493589743589743,0.3661858974358974,0.7106632005822111,0.07671653726110002,0.822,0.32199999999999995,0.303623198293709,-0.20001088787304058
img029_10percent.png,10percent,25.795673076923077,4.697715077653561,1.0,0.4469150641025641,0.8471545610597258,0.06125722220552079,0.8996,0.39959999999999996,0.43094030039316544,0.1777800471820852
img094_10percent.png,10percent,25.959935897435898,5.0135431003400965,0.9967948717948718,0.44771634615384615,0.8503608015182359,0.05657650854143404,0.9064,0.4064,0.37681921944293156,0.017185331772910775
img083_10percent.png,10percent,26.365384615384617,4.18235520303796,1.0,0.45232371794871795,0.8518765267235189,0.061786234653815095,0.907,0.40700000000000003,0.39198441050268956,0.062185348395030135
img010_10percent.png,10percent,24.84775641025641,5.636176483301463,1.0,0.437099358974359,0.812472070720829,0.06328300611692964,0.8888,0.38880000000000003,0.41162365047984917,0.1204613122081808
img007_10percent.png,10percent,25.80528846153846,4.739006348042798,1.0,0.4469150641025641,0.8471496942209468,0.06110601161680842,0.9,0.4,0.4302560472214952,0.17574964717079836
img064_10percent.png,10percent,19.529246794871796,10.66822823825866,0.842948717948718,0.36247996794871795,0.7684844212408957,0.07494400761552494,0.8666,0.36660000000000004,0.27980842871210054,-0.27067699572499293
img073_10percent.png,10percent,8.653044871794872,11.50677905786185,0.38782051282051283,0.18609775641025642,0.6947783337546753,0.12204894592902922,0.7306,0.23060000000000003,0.11647693497326253,-0.7553342548522369
img059_10percent.png,10percent,26.580528846153847,4.411111893137974,1.0,0.4540264423076923,0.8633413989384453,0.053561815651500845,0.9118,0.41180000000000005,0.37662104501821103,0.016597284291585787
img077_10percent.png,10percent,25.217147435897434,5.81599033920265,0.9935897435897436,0.43970352564102566,0.8273982440050462,0.061640245318412,0.895,0.395,0.38912661109235586,0.0537053351554375
img060_10percent.png,10percent,25.90184294871795,4.25175899319709,1.0,0.4482171474358974,0.8436359019140511,0.06144672020479138,0.8988,0.39880000000000004,0.4241175598371426,0.1575347738307889
img053_10percent.png,10percent,26.014022435897434,4.225626955016045,1.0,0.44921875,0.8517965451539968,0.05757506139235921,0.9034,0.4034,0.4157773172513091,0.13278658216501216
img044_10percent.png,10percent,26.10536858974359,4.225758687233731,1.0,0.45002003205128205,0.8483885335700885,0.060531730333935434,0.9064,0.4064,0.409514865335171,0.11420386604815136
img040_10percent.png,10percent,26.278445512820515,4.394090918886568,1.0,0.45142227564102566,0.8599652395728854,0.05647403226710453,0.907,0.40700000000000003,0.39741291401431456,0.07829347042882244
img057_10percent.png,10percent,26.15544871794872,4.410805219375209,1.0,0.45032051282051283,0.85259520868133,0.059465936161677044,0.9066,0.40659999999999996,0.4059721851591147,0.10369159052315509
img079_10percent.png,10percent,26.001201923076923,4.110350414080868,1.0,0.44921875,0.8540956042026582,0.06009438494325869,0.9032,0.4032,0.41655092864423543,0.13508213686020637
img034_10percent.png,10percent,26.44951923076923,4.3348611746486565,1.0,0.45292467948717946,0.8629787133996842,0.05538446833520228,0.9112,0.4112,0.38542493113825543,0.04272125596989355
img089_10percent.png,10percent,25.908653846153847,4.234922022189272,1.0,0.4483173076923077,0.8410926369773386,0.06704284750810913,0.9026,0.40259999999999996,0.4233554262803983,0.15527327758015635
img023_10percent.png,10percent,25.544070512820515,4.639007817096154,1.0,0.44471153846153844,0.8369549756843713,0.0655216809948665,0.8984,0.3984,0.4482751035530583,0.22921800317370544
img027_10percent.png,10percent,25.41346153846154,4.731971001201615,1.0,0.44350961538461536,0.8422571464871309,0.06094915817372096,0.898,0.398,0.4082082949283579,0.11032684993982304
img030_10percent.png,10percent,25.893830128205128,4.681106322637405,1.0,0.4478165064102564,0.842761408171682,0.06282867368174772,0.9006,0.40059999999999996,0.42449006952456986,0.1586401303053676
img020_10percent.png,10percent,26.311298076923077,4.200324620879383,1.0,0.4518229166666667,0.858583809223457,0.0581975814731322,0.907,0.40700000000000003,0.3952872484214996,0.07198593453080344
img037_10percent.png,10percent,24.205929487179485,7.004431468273917,0.967948717948718,0.4270833333333333,0.8014914699790924,0.06292688904361426,0.8838,0.38380000000000003,0.38381312398414236,0.037938503913494674
img019_10percent.png,10percent,24.489182692307693,6.762833032840975,0.9775641025641025,0.4305889423076923,0.8251662340079866,0.06059098625526506,0.889,0.389,0.3927251031013033,0.06438322240256221
img033_10percent.png,10percent,26.208733974358974,4.341463708376868,1.0,0.4508213141025641,0.8592999018459537,0.05792324894583867,0.9092,0.4092,0.40183900359112545,0.09142710677686712
img099_10percent.png,10percent,23.43349358974359,8.09529109761268,0.9519230769230769,0.41686698717948717,0.7980094896224981,0.0676583048149943,0.8754,0.37539999999999996,0.33096295775385315,-0.11888499731859183
img024_10percent.png,10percent,23.59775641025641,8.188109133631144,0.9294871794871795,0.4154647435897436,0.7963502454741018,0.06868310754462888,0.8732,0.3732,0.34327770720784584,-0.08234316095509074
img047_10percent.png,10percent,26.060096153846153,4.589814862445289,1.0,0.44931891025641024,0.8484121640831984,0.05761215422273098,0.9062,0.4062,0.39435687476011744,0.06922521558819308
imh009_10percent.png,10percent,26.14863782051282,3.9429388753308423,1.0,0.4506209935897436,0.8485877756567621,0.06140934029225884,0.9056,0.40559999999999996,0.4067143788951307,0.10589391888986968
img100_10percent.png,10percent,25.88301282051282,4.4009914631603175,1.0,0.4479166666666667,0.8419540693277283,0.06270043821897545,0.9002,0.4002,0.42529037921777596,0.1610149074746895
img050_10percent.png,10percent,26.35216346153846,4.13256024924803,1.0,0.4522235576923077,0.854032659130628,0.06270152581437466,0.9106,0.41059999999999997,0.39236942962377863,0.06332782439685364
img069_10percent.png,10percent,26.346153846153847,4.452447427170362,1.0,0.4519230769230769,0.8598451072007333,0.05389411225274982,0.909,0.40900000000000003,0.3893465020482298,0.054357822593966265
img054_10percent.png,10percent,23.372195512820515,7.393578711103816,0.9583333333333334,0.41736778846153844,0.799601568555518,0.06853614540037158,0.8754,0.37539999999999996,0.3684317535074278,-0.007702986813241776
img043_10percent.png,10percent,26.50761217948718,4.108369270688655,1.0,0.45362580128205127,0.8644437335890887,0.05593116313235839,0.9114,0.4114,0.3814705163532993,0.030987230967994266
img025_10percent.png,10percent,25.470753205128204,5.074474994316008,1.0,0.4434094551282051,0.8338635539605661,0.06083490928136393,0.8976,0.39759999999999995,0.40607830111352256,0.1040064708100838
img098_10percent.png,10percent,26.294871794871796,4.412952342933169,1.0,0.4515224358974359,0.8599922866431613,0.05724135417689293,0.9082,0.4082,0.39618508861541024,0.0746501161748579
img032_10percent.png,10percent,20.497195512820515,10.35194196619118,0.8493589743589743,0.37349759615384615,0.7740846049675868,0.08739086479928375,0.848,0.348,0.3224721652503877,-0.14407991918177931
img036_10percent.png,10percent,22.65985576923077,8.327135336470148,0.9294871794871795,0.40675080128205127,0.8225052160101296,0.06687212847398719,0.8866,0.38660000000000005,0.3738840232019012,0.008475657155883224
img021_10percent.png,10percent,25.947115384615383,4.39503285475532,1.0,0.4485176282051282,0.8475815271327432,0.060728838406396694,0.9004,0.4004,0.420751181330746,0.14754564226315736
img042_10percent.png,10percent,26.35136217948718,4.3748617363037585,1.0,0.45202323717948717,0.858687163208614,0.057388422618641445,0.9088,0.40880000000000005,0.39241591360396644,0.06346575736933456
img055_10percent.png,10percent,26.419471153846153,4.400165202223685,1.0,0.45262419871794873,0.8657846025067812,0.05535115738406649,0.909,0.40900000000000003,0.38754477459935877,0.04901151572396111
img068_10percent.png,10percent,24.127804487179485,6.413927321800493,0.9807692307692307,0.42818509615384615,0.8145035115384293,0.06869334721300456,0.8834,0.38339999999999996,0.4125784579380415,0.12329453411222872
img051_10percent.png,10percent,24.66826923076923,6.334329383226538,0.9743589743589743,0.43249198717948717,0.8259508858418136,0.0676750932143816,0.8858,0.38580000000000003,0.40924638782687567,0.11340720662669411
img046_10percent.png,10percent,25.90544871794872,4.825425362271945,0.9967948717948718,0.44751602564102566,0.8538420523923756,0.059405696671915705,0.9048,0.40480000000000005,0.41309989376788614,0.12484180251906357
img078_10percent.png,10percent,26.228365384615383,4.189524564677065,1.0,0.4511217948717949,0.8516477738829245,0.0590193627641211,0.9072,0.4072,0.4010936496655692,0.08921540110779734
img056_10percent.png,10percent,26.41466346153846,4.129887271721406,1.0,0.4528245192307692,0.8678409398888277,0.055249858210109956,0.9082,0.4082,0.3878623191785164,0.049953772981654015
img041_10percent.png,10percent,26.25841346153846,4.189231287595928,1.0,0.45142227564102566,0.8593970935447189,0.056907253399646626,0.9074,0.4074,0.398727268558486,0.08219358458511697
img045_10percent.png,10percent,25.832932692307693,4.232415920525277,1.0,0.4476161858974359,0.8422514146471948,0.06565373620521447,0.9026,0.40259999999999996,0.4283447059572355,0.17007808073135777
img052_10percent.png,10percent,25.083733974358974,5.4689400003389395,0.9839743589743589,0.4388020833333333,0.8278014885871677,0.06858032254043583,0.8906,0.39059999999999995,0.40783016192933086,0.10920480728473625
img008_10percent.png,10percent,26.067307692307693,4.45047949680473,1.0,0.4495192307692308,0.8563516735778001,0.05770521800726945,0.9022,0.4022,0.41216113808365684,0.12205621140926706
img031_10percent.png,10percent,26.48517628205128,4.126739460481346,1.0,0.4534254807692308,0.868610746950291,0.055273926441340215,0.9104,0.4104,0.38289007748720466,0.03519952703272149
img026_10percent.png,10percent,26.041666666666668,4.161583437755599,1.0,0.4495192307692308,0.8538273901517942,0.06088549734128991,0.9058,0.40580000000000005,0.4135806543540522,0.12626837434948
img022_10percent.png,10percent,25.384214743589745,4.944925569366792,1.0,0.4428084935897436,0.8347862441930805,0.06110696830930793,0.8984,0.3984,0.4042417455799641,0.09855681777162786
img088_10percent.png,10percent,22.328125,8.480396432233373,0.9262820512820513,0.40254407051282054,0.7809932136962509,0.0814381941054862,0.862,0.362,0.3950263211517186,0.07121167910394853
img035_10percent.png,10percent,26.39903846153846,4.2744656704378245,1.0,0.45252403846153844,0.8608236720861137,0.057158113446072654,0.9108,0.41080000000000005,0.3889254209105603,0.053108338949499095
img006_10percent.png,10percent,26.38261217948718,4.238978940188837,1.0,0.4524238782051282,0.8674964365043443,0.05586804991949226,0.9102,0.4102,0.38978934239406626,0.05567187283211106
img011_10percent.png,10percent,25.432692307692307,5.412462334345622,0.9903846153846154,0.4417067307692308,0.8459753262321661,0.06427443454407093,0.901,0.401,0.42221845657218815,0.15189952148524835
img082_10percent.png,10percent,25.80448717948718,4.538964575374245,1.0,0.44711538461538464,0.8481472654316571,0.06274574289872371,0.8994,0.3994,0.4303316855844258,0.1759740906068049
img095_10percent.png,10percent,24.497596153846153,6.588729194207376,0.967948717948718,0.430088141025641,0.8276229869469409,0.06093860948986236,0.8902,0.3902,0.40853130569454305,0.11128532713870419
img028_10percent.png,10percent,26.10096153846154,4.323393325233613,1.0,0.4499198717948718,0.8531141167214085,0.058772517333237004,0.9042,0.4042,0.4098426080098046,0.11517638434667947
img015_10percent.png,10percent,26.51201923076923,4.030551863771667,1.0,0.45372596153846156,0.8699899909489914,0.05533232212207212,0.911,0.41100000000000003,0.380975381107237,0.02951800488207135
img002_10percent.png,10percent,23.83173076923077,7.566447817923609,0.9519230769230769,0.4208733974358974,0.8371097526350824,0.06176061683386144,0.896,0.396,0.3922653008883081,0.0630188408299107
img091_10percent.png,10percent,21.920673076923077,8.617368029654177,0.9326923076923077,0.39903846153846156,0.7694699517172665,0.07995270333716417,0.8518,0.3518,0.36452371383126797,-0.019299401899218308
img086_10percent.png,10percent,26.175080128205128,4.284999877702776,1.0,0.4506209935897436,0.8589573722422544,0.05571625776601907,0.9052,0.4052,0.40453831401116724,0.09943683202803576
img061_10percent.png,10percent,26.13701923076923,4.1908539679162535,1.0,0.45032051282051283,0.8508998437697052,0.060817686058297855,0.9038,0.40380000000000005,0.4075849199361022,0.10847709513602376
img076_10percent.png,10percent,25.729567307692307,4.355592620114139,1.0,0.4466145833333333,0.8445268884157765,0.06403219137387317,0.8988,0.39880000000000004,0.43554629049763244,0.1914475064607446
img058_10percent.png,10percent,25.192708333333332,5.666935288634552,0.9903846153846154,0.4394030448717949,0.8231837482157756,0.061982279042134755,0.894,0.394,0.38474219816983996,0.04069536689232754
img072_10percent.png,10percent,25.772035256410255,4.339931016309025,1.0,0.44701522435897434,0.8393677076941956,0.06483745622734875,0.8976,0.39759999999999995,0.4330813287795004,0.1841331694470044
img065_10percent.png,10percent,26.303685897435898,4.488725909694779,1.0,0.4515224358974359,0.8563049801060036,0.05701119509803544,0.909,0.40900000000000003,0.3956732217022217,0.07313124183222464
img075_10percent.png,10percent,26.161458333333332,4.105397639731768,1.0,0.4506209935897436,0.8500414030013521,0.05868665683880133,0.905,0.405,0.4058629840748825,0.10336755566027483
img062_10percent.png,10percent,26.259615384615383,4.298286649503704,1.0,0.45132211538461536,0.8529036888171619,0.05820245292452886,0.908,0.40800000000000003,0.39886886239422287,0.08261373919686178
img066_10percent.png,10percent,21.78886217948718,8.932558822578557,0.9326923076923077,0.3971354166666667,0.7942348066277026,0.07007188569687775,0.8624,0.36240000000000006,0.3268695118258382,-0.13103157259592038
img071_10percent.png,10percent,26.252804487179485,4.106790390455022,1.0,0.45142227564102566,0.8576145411010818,0.05994505417734254,0.9082,0.4082,0.3990910039422721,0.08327290486878032
img048_10percent.png,10percent,26.16746794871795,4.318557544110444,1.0,0.4505208333333333,0.848776476588668,0.06028084939609949,0.906,0.406,0.4054081160608791,0.10201781544860418
img012_10percent.png,10percent,26.255608974358974,4.232934793839118,1.0,0.45132211538461536,0.8613903153252805,0.057687765621074596,0.9096,0.40959999999999996,0.3985814155777655,0.08176079171551541
img005_10percent.png,10percent,23.690304487179485,7.84414693725922,0.9391025641025641,0.417568108974359,0.8166055600043121,0.07029287303869398,0.8768,0.3768,0.36100246476395675,-0.029748084407419797
img096_10percent.png,10percent,26.034455128205128,4.351713984967404,1.0,0.44931891025641024,0.8483400275866083,0.0588461263919794,0.9058,0.40580000000000005,0.414304248226216,0.12841551091681527
img081_10percent.png,10percent,26.33573717948718,4.0913253606339355,1.0,0.4521233974358974,0.8575610058567592,0.057006829067696094,0.9086,0.40859999999999996,0.39352822735134046,0.06676635127043389
img001_10percent.png,10percent,20.11698717948718,11.225477899133656,0.7884615384615384,0.3607772435897436,0.7277154788902371,0.08440846415943354,0.8212,0.32120000000000004,0.291245450418119,-0.23673966088691914
img016_10percent.png,10percent,26.146634615384617,4.077577137075616,1.0,0.4505208333333333,0.8523771528711285,0.05983194089060716,0.9072,0.4072,0.40482637083135664,0.10029158958734108
img038_10percent.png,10percent,22.584134615384617,9.197574968914457,0.9006410256410257,0.40064102564102566,0.7815767307467734,0.07176913446606578,0.8688,0.3688,0.3555515566355373,-0.045922688170600884
img085_10percent.png,10percent,25.87139423076923,4.415385603463689,1.0,0.4478165064102564,0.8454222775511906,0.0582216867253874,0.8992,0.3992,0.42602085219189323,0.16318245655783378
img092_10percent.png,10percent,24.356169871794872,6.652744577258782,0.967948717948718,0.42918669871794873,0.8030054900105785,0.06558152578050092,0.8786,0.37860000000000005,0.39661173153473717,0.07591610342063464
img040_25percent.png,25percent,18.427483974358974,5.640194918413005,1.0,0.37449919871794873,0.6314249090870102,0.10685684730356781,0.777,0.277,0.9446119520794437,1.702009631439159
img057_25percent.png,25percent,18.610977564102566,5.541523911842506,1.0,0.37670272435897434,0.650692977989673,0.10437801071004366,0.782,0.28200000000000003,0.9309870561349218,1.66158016757272
img079_25percent.png,25percent,17.896233974358974,5.368539259593289,1.0,0.3694911858974359,0.6120826495943386,0.11037678991559526,0.7744,0.2744,0.981123770968792,1.8103519827125563
img053_25percent.png,25percent,18.893830128205128,5.478404572523478,1.0,0.37970753205128205,0.6445965517667185,0.11229698531779315,0.7866,0.28659999999999997,0.9119179451913547,1.6049959606182411
img044_25percent.png,25percent,17.786057692307693,5.464556718644888,0.9967948717948718,0.36778846153846156,0.622983457568745,0.10679747758034276,0.7696,0.26959999999999995,0.9885069127642443,1.8322601474174802
img027_25percent.png,25percent,17.565705128205128,5.5422772108837535,0.9935897435897436,0.3651842948717949,0.6154093273654837,0.10411014343588137,0.7694,0.2694,0.9549635284894332,1.7327260997433902
img030_25percent.png,25percent,18.885416666666668,5.922204629945929,0.9935897435897436,0.37880608974358976,0.6344027499102907,0.10631638605729153,0.7818,0.28180000000000005,0.9134629744648608,1.6095805611495149
img034_25percent.png,25percent,18.221554487179485,5.562980941776595,0.9967948717948718,0.3724959935897436,0.6377679002682395,0.10523258814488096,0.7806,0.28059999999999996,0.9576396229723458,1.7406669358158737
img089_25percent.png,25percent,18.72235576923077,5.773154590127063,1.0,0.3777043269230769,0.6408622013277229,0.10681996879558865,0.7858,0.28580000000000005,0.9235873644997025,1.6396228941515474
img023_25percent.png,25percent,18.516826923076923,5.160525840533463,1.0,0.3764022435897436,0.6539541040763525,0.10034388375088428,0.7844,0.2844,0.9368435956886797,1.6789584106973015
img033_25percent.png,25percent,18.979567307692307,5.663068578627572,0.9967948717948718,0.3803084935897436,0.6550284878211591,0.09927824083086366,0.7898,0.28979999999999995,0.9053924785096545,1.5856327948007787
img099_25percent.png,25percent,16.448317307692307,7.122882836951006,0.9358974358974359,0.3464543269230769,0.5895364337983389,0.09902587699410746,0.7602,0.2602,0.817994640455415,1.3262952005904203
img024_25percent.png,25percent,16.745192307692307,7.261055957425469,0.9166666666666666,0.34615384615384615,0.5964227059092516,0.10458553605562261,0.7598,0.25980000000000003,0.8209025332309821,1.3349238570128963
img020_25percent.png,25percent,18.622996794871796,5.494410584390423,0.9967948717948718,0.37670272435897434,0.6453827691063303,0.10474751232947643,0.7842,0.2842,0.9301785212746692,1.6591809836779994
img037_25percent.png,25percent,16.937900641025642,6.7811336720306805,0.9647435897435898,0.3542668269230769,0.589584578872427,0.10377756428047473,0.7616,0.26160000000000005,0.8906031435921996,1.541748064664963
img019_25percent.png,25percent,17.457932692307693,6.494603218567207,0.9615384615384616,0.36047676282051283,0.6204634955234944,0.1050579601921132,0.7702,0.2702,0.8830559728112553,1.5193531730177563
img054_25percent.png,25percent,16.391826923076923,6.450115013050763,0.9519230769230769,0.34755608974358976,0.6040750962491629,0.10186377716250038,0.7636,0.26359999999999995,0.8541916017514701,1.4337032677604415
img043_25percent.png,25percent,18.40985576923077,5.152583391289992,1.0,0.3753004807692308,0.6382864520396343,0.10507598858263605,0.7816,0.28159999999999996,0.9449705727541149,1.7030737747300446
img047_25percent.png,25percent,18.204727564102566,5.206022277576695,1.0,0.37289663461538464,0.6285230689629964,0.10346046273649186,0.7786,0.27859999999999996,0.9411990720498526,1.6918825148432837
imh009_25percent.png,25percent,18.034054487179485,5.528561851084052,1.0,0.370693108974359,0.6254827389972937,0.1108836240133554,0.7768,0.27680000000000005,0.9710881860087553,1.7805731630303765
img100_25percent.png,25percent,18.17588141025641,5.536923085248892,0.9967948717948718,0.37189503205128205,0.6364515313132727,0.10520648995050202,0.7756,0.27559999999999996,0.9612932128240377,1.7515083161459124
img050_25percent.png,25percent,18.430689102564102,5.524906608690598,1.0,0.37489983974358976,0.6305863611281256,0.1062677818801924,0.7798,0.27980000000000005,0.9441251464275463,1.7005651219476001
img069_25percent.png,25percent,18.79607371794872,5.247025886921772,1.0,0.37910657051282054,0.6492884602860652,0.10611048210992824,0.7872,0.2872,0.9148081808734962,1.6135722227454845
img063_25percent.png,25percent,18.390625,5.2136069055064205,1.0,0.37489983974358976,0.6232956554398843,0.11651434325377434,0.7778,0.27780000000000005,0.9473376424275914,1.7100976344514571
img074_25percent.png,25percent,18.622996794871796,5.3489835102511245,1.0,0.3773036858974359,0.6413546044581615,0.10698857068959053,0.7862,0.2862,0.930135391662464,1.6590530041979854
img049_25percent.png,25percent,16.850160256410255,5.756674983472971,0.9967948717948718,0.35697115384615385,0.6226401495952556,0.10790812417728457,0.7572,0.2572,0.8865396992493294,1.5296905137741317
img070_25percent.png,25percent,18.448317307692307,5.6073872382510235,1.0,0.37489983974358976,0.6506134786875115,0.10558698490138306,0.7826,0.28259999999999996,0.9417521975822633,1.6935238168258644
img067_25percent.png,25percent,16.728766025641026,6.77916153292476,0.9583333333333334,0.35146233974358976,0.6178607738252894,0.10585745500217096,0.7698,0.26980000000000004,0.8683352557099873,1.475672054089793
img080_25percent.png,25percent,16.59775641025641,7.4150003737847605,0.9262820512820513,0.3463541666666667,0.6025894889674654,0.11204827957757951,0.7704,0.2704,0.8103802309899878,1.3037007900642588
img097_25percent.png,25percent,15.676682692307692,7.580886155914176,0.8974358974358975,0.33383413461538464,0.5509439932509872,0.0990833305335198,0.7482,0.24819999999999998,0.772325995468835,1.1907815908107777
img004_25percent.png,25percent,18.572115384615383,5.525419088365245,1.0,0.3764022435897436,0.6566548241878791,0.10921850750234023,0.7902,0.2902,0.9323997202541503,1.6657719979688064
img013_25percent.png,25percent,18.420272435897434,5.383797928424879,0.9967948717948718,0.37489983974358976,0.6490287699528337,0.10256141860465898,0.7848,0.28480000000000005,0.9434453667700649,1.698547996296792
img093_25percent.png,25percent,18.411057692307693,5.574416607673163,0.9935897435897436,0.37419871794871795,0.6353674273586691,0.10021191299912116,0.7804,0.2804,0.9451532451836324,1.7036158227881468
img084_25percent.png,25percent,15.46915064102564,8.156165563453278,0.8557692307692307,0.3254206730769231,0.6057969340012613,0.10899935163449073,0.7514,0.25139999999999996,0.7562035108220677,1.1429409751379827
img039_25percent.png,25percent,18.62900641025641,5.578142078221986,1.0,0.37680288461538464,0.63482563725096,0.10297910822738843,0.7794,0.2794,0.9307795405488909,1.660964401850815
img017_25percent.png,25percent,13.442307692307692,8.637583544154495,0.7596153846153846,0.29246794871794873,0.5158548341739224,0.1139731709320062,0.7118,0.2118,0.6586116714214936,0.8533544886965042
img029_25percent.png,25percent,18.905048076923077,5.657982766682241,0.9967948717948718,0.37950721153846156,0.6432260755286126,0.10354701416598563,0.7872,0.2872,0.9111654257700803,1.6027629926106257
img094_25percent.png,25percent,18.050080128205128,5.816827551682736,0.9935897435897436,0.3698918269230769,0.626177025106528,0.10480906619293301,0.777,0.277,0.9276788951752418,1.65176378625661
img083_25percent.png,25percent,18.490785256410255,5.2018901066294445,1.0,0.3759014423076923,0.639574260917297,0.11059910456196609,0.7828,0.28280000000000005,0.9393928608290474,1.6865229031747582
img010_25percent.png,25percent,17.66466346153846,5.72728226529453,0.9903846153846154,0.3658854166666667,0.607248839217959,0.10627666988694087,0.7722,0.2722,0.911841613737305,1.6047694605571807
img007_25percent.png,25percent,18.413060897435898,5.6732442929234885,0.9935897435897436,0.3740985576923077,0.640552519351956,0.10524222947209447,0.7836,0.28359999999999996,0.9444347447774034,1.7014838001782173
img087_25percent.png,25percent,16.276442307692307,7.25415731842905,0.9262820512820513,0.343349358974359,0.6034413292373829,0.10805379672846978,0.762,0.262,0.8404777655893227,1.3930098895617824
img090_25percent.png,25percent,16.786858974358974,6.707027533795141,0.9551282051282052,0.35216346153846156,0.5719834374633321,0.10204508029194988,0.7618,0.26180000000000003,0.7956535608768076,1.2600020066285456
img003_25percent.png,25percent,18.866185897435898,5.421073999235367,1.0,0.3796073717948718,0.6492330486154866,0.10701572358676749,0.7886,0.28859999999999997,0.9133305394692706,1.609187583772611
img014_25percent.png,25percent,14.119391025641026,8.393329813985014,0.8141025641025641,0.3072916666666667,0.5171840394212928,0.09924595093655844,0.7286,0.22860000000000003,0.7016654132860806,0.9811088369217594
img059_25percent.png,25percent,18.642227564102566,5.231437889694132,0.9967948717948718,0.3775040064102564,0.6410460409754175,0.10567398110686617,0.7842,0.2842,0.9290908040759943,1.6559533756757223
img077_25percent.png,25percent,17.72275641025641,6.149550074611248,0.9839743589743589,0.36538461538461536,0.6342155880461025,0.10150509586944804,0.7778,0.27780000000000005,0.909599689616086,1.5981169480815485
img060_25percent.png,25percent,18.748798076923077,5.533157678208654,0.9967948717948718,0.37810496794871795,0.6447356482959774,0.1002695853460618,0.7868,0.28680000000000005,0.9215442673770541,1.6335603655544795
img064_25percent.png,25percent,13.486778846153847,8.188104026993074,0.8012820512820513,0.2997796474358974,0.5720414807236078,0.10956825569322141,0.7538,0.2538,0.7032844905736411,0.9859131618106198
img073_25percent.png,25percent,6.435496794871795,8.5873968937185,0.3685897435897436,0.16596554487179488,0.5062713031234738,0.11963905777701876,0.6614,0.1614,0.28014112011169096,-0.2696897929622575
img015_25percent.png,25percent,18.743589743589745,5.615782955517828,0.9967948717948718,0.3780048076923077,0.6393689528027808,0.10755780453860736,0.7854,0.2854,0.9222844825093378,1.6357568227653023
img002_25percent.png,25percent,16.76923076923077,6.860184412792035,0.9423076923076923,0.3501602564102564,0.6172845419098675,0.106777196962208,0.772,0.272,0.8859245244063478,1.5278650914599254
img091_25percent.png,25percent,15.917067307692308,7.2759113099116615,0.9134615384615384,0.33764022435897434,0.5875187024171614,0.10973800220764778,0.748,0.248,0.7837710723580813,1.224742827977396
img086_25percent.png,25percent,18.45713141025641,5.323397121709374,0.9967948717948718,0.3753004807692308,0.6384703602116475,0.1081801393834819,0.781,0.281,0.9418818730474734,1.6939086057854589
img006_25percent.png,25percent,18.28485576923077,5.509346754551741,1.0,0.37329727564102566,0.6421663892312107,0.10332385303603639,0.7846,0.28459999999999996,0.9527867012743881,1.7262667507991856
img011_25percent.png,25percent,17.926682692307693,5.845404449493806,0.9839743589743589,0.3680889423076923,0.623118085743886,0.10723009883766872,0.7752,0.2752,0.9457360815666201,1.7053452864539242
img082_25percent.png,25percent,18.026442307692307,5.272977222132971,0.9967948717948718,0.37099358974358976,0.6155196100390283,0.11205743992352891,0.7744,0.2744,0.9723033600434311,1.784178976603295
img095_25percent.png,25percent,17.07011217948718,6.378945654549646,0.9519230769230769,0.355869391025641,0.6021946559407023,0.10017751096767548,0.7638,0.26380000000000003,0.9270022053317928,1.6497558290813106
img028_25percent.png,25percent,18.13261217948718,5.698258012624684,1.0,0.371494391025641,0.6253060656942888,0.10281712789363201,0.7766,0.27659999999999996,0.9645572979272743,1.761193910169942
img072_25percent.png,25percent,18.252403846153847,5.710171970533123,1.0,0.37259615384615385,0.6376234489884611,0.10161938952213265,0.7784,0.2784,0.9558365003179796,1.735316488920845
img065_25percent.png,25percent,18.557692307692307,5.521617347851504,1.0,0.3762019230769231,0.6390385944745962,0.10425919969697958,0.7836,0.28359999999999996,0.9348739174776265,1.673113739707773
img061_25percent.png,25percent,17.620192307692307,5.493383341797733,0.9967948717948718,0.3661858974358974,0.6173089190116987,0.10682088524738523,0.7678,0.26780000000000004,1.0,1.8663638467781085
img076_25percent.png,25percent,18.434294871794872,5.311593978509446,1.0,0.37520032051282054,0.634943234684695,0.11202469618175855,0.7874,0.2874,0.9428485453660436,1.6967770345597744
img058_25percent.png,25percent,17.420673076923077,6.032764549081935,0.9871794871794872,0.36177884615384615,0.5987427789997122,0.10873334273062896,0.7666,0.26659999999999995,0.9262167724796695,1.6474251963011608
img066_25percent.png,25percent,15.432692307692308,7.666754432007723,0.907051282051282,0.33092948717948717,0.5676534084798674,0.09861982633192079,0.7498,0.24980000000000002,0.772543838628806,1.191428001777912
img071_25percent.png,25percent,18.48838141025641,5.558403420235916,0.9967948717948718,0.3753004807692308,0.6388677879330771,0.1133974153775727,0.7874,0.2874,0.9390738713980628,1.6855763585753514
img048_25percent.png,25percent,18.44150641025641,5.29504901250505,1.0,0.375400641025641,0.645465482895706,0.10117830739057837,0.7816,0.28159999999999996,0.9425450089766656,1.6958763441224693
img075_25percent.png,25percent,18.32091346153846,5.046560984606968,1.0,0.37449919871794873,0.6346697146936793,0.10570229409909851,0.7748,0.27480000000000004,0.9518063631307822,1.7233577711111796
img062_25percent.png,25percent,18.514022435897434,5.179892251763665,1.0,0.3763020833333333,0.6558625078405455,0.10411003986185154,0.7864,0.2864,0.9367236966663219,1.6786026315991143
img001_25percent.png,25percent,14.474358974358974,8.799444980274664,0.7852564102564102,0.30749198717948717,0.5547551634976645,0.1020176581225626,0.728,0.22799999999999998,0.6848877064951767,0.9313239656664832
img016_25percent.png,25percent,18.32451923076923,5.250758851714765,1.0,0.37439903846153844,0.6422788079135355,0.10479798628834178,0.775,0.275,0.9495307806079408,1.71660538329428
img038_25percent.png,25percent,16.493990384615383,7.933493458233303,0.8846153846153846,0.33964342948717946,0.5904496442962137,0.10503967725197019,0.7534,0.25339999999999996,0.782253948022305,1.2202410304030207
img085_25percent.png,25percent,18.352964743589745,5.612491900117557,1.0,0.37389823717948717,0.6352541981430219,0.10094412672613334,0.7818,0.28180000000000005,0.9488701499121105,1.7146450787932483
img092_25percent.png,25percent,17.749599358974358,6.336401961954523,0.9647435897435898,0.36388221153846156,0.598246466701845,0.10049438537943228,0.7638,0.26380000000000003,0.858230679089283,1.445688513882524
img012_25percent.png,25percent,18.896634615384617,5.404643278020107,1.0,0.38000801282051283,0.6513240767680832,0.10948451870738965,0.7896,0.28959999999999997,0.9110998412798466,1.602568382259919
img005_25percent.png,25percent,16.377003205128204,7.1294791640505375,0.9134615384615384,0.3434495192307692,0.5822543279282252,0.11545371761585417,0.7536,0.25360000000000005,0.8719132581748276,1.486289142246305
img096_25percent.png,25percent,18.323317307692307,5.633396793069168,1.0,0.37349759615384615,0.6332633179912808,0.10764235247745702,0.7764,0.2764,0.951531237789273,1.7225413854229086
img081_25percent.png,25percent,18.576121794871796,5.564283668899935,0.9967948717948718,0.3762019230769231,0.6507654358324029,0.10366851834435571,0.7874,0.2874,0.9327050414587483,1.66667798452894
img036_25percent.png,25percent,16.0625,7.068921519037235,0.9198717948717948,0.33994391025641024,0.610754619484065,0.10713050970503432,0.7684,0.26839999999999997,0.835577060537995,1.3784679159129933
img021_25percent.png,25percent,18.503205128205128,5.291179856935051,1.0,0.3760016025641026,0.6455403867689546,0.10563334253665109,0.7882,0.2882,0.9377021805741614,1.6815061091711243
img025_25percent.png,25percent,18.33934294871795,5.627882150594123,1.0,0.3736979166666667,0.6314341088794057,0.10749221309727429,0.784,0.28400000000000003,0.902398949126406,1.5767500269230663
img098_25percent.png,25percent,18.314102564102566,5.815686801802526,0.9967948717948718,0.3729967948717949,0.6419130135523061,0.10690528009486615,0.7812,0.2812,0.9512282328772239,1.7216422720503792
img032_25percent.png,25percent,14.243990384615385,7.7725977113575,0.8461538461538461,0.3128004807692308,0.5618895801507909,0.11923437180362535,0.7376,0.23760000000000003,0.7604096508811415,1.155421950275549
img068_25percent.png,25percent,17.79286858974359,6.314738054033966,0.967948717948718,0.3646834935897436,0.6245279962865372,0.10720536009894067,0.7746,0.27459999999999996,0.8547930953369858,1.4354880933679557
img051_25percent.png,25percent,17.73517628205128,6.1737277614201425,0.9743589743589743,0.3642828525641026,0.6266904390103107,0.10965239339480161,0.7756,0.27559999999999996,0.8918473227158372,1.5454399456985728
img046_25percent.png,25percent,18.27003205128205,5.6542950969899435,0.9967948717948718,0.37279647435897434,0.6297236750376712,0.10855837263195608,0.779,0.279,0.9452880268228675,1.7040157634141526
img042_25percent.png,25percent,18.548878205128204,5.319190239055994,1.0,0.3766025641025641,0.6320952561919781,0.10466040947092396,0.7804,0.2804,0.9361238448662292,1.676822677698856
img055_25percent.png,25percent,18.81330128205128,5.453832617832316,1.0,0.37900641025641024,0.6556978674407218,0.10305372829007714,0.788,0.28800000000000003,0.9166306959341332,1.6189802131690507
img045_25percent.png,25percent,18.23357371794872,5.6211953487147035,0.9967948717948718,0.3724959935897436,0.6336607333459048,0.10299023116754788,0.7842,0.2842,0.9566223692426052,1.7376484156688567
img052_25percent.png,25percent,18.155849358974358,5.9469812827978785,0.9807692307692307,0.3700921474358974,0.6260107088675075,0.10391647046807329,0.7778,0.27780000000000005,0.8904851436896044,1.5413979208680753
img078_25percent.png,25percent,18.793669871794872,5.43978786910732,1.0,0.37890625,0.6583023961318317,0.103986336191062,0.7868,0.28680000000000005,0.917955096398534,1.6229101368131076
img056_25percent.png,25percent,18.749599358974358,5.465358365839414,0.9967948717948718,0.37830528846153844,0.6356732801787317,0.10732571839054565,0.7882,0.2882,0.921737781950563,1.6341345857532366
img041_25percent.png,25percent,18.48798076923077,5.482394221822828,1.0,0.37560096153846156,0.6380400625744405,0.10509357843109685,0.782,0.28200000000000003,0.9397363997526746,1.68754229404248
img022_25percent.png,25percent,17.92948717948718,5.570842913119715,0.9935897435897436,0.36899038461538464,0.6156891098507008,0.10656500486068839,0.7714,0.2714,0.9243118261376702,1.6417726056601047
img088_25percent.png,25percent,16.256410256410255,7.4507033051884495,0.9006410256410257,0.3405448717948718,0.5986816752495265,0.10479589607520949,0.758,0.258,0.8188458270145859,1.32882094584218
img035_25percent.png,25percent,18.776041666666668,5.702104463192631,1.0,0.37810496794871795,0.6571371346912618,0.10420270644406704,0.791,0.29100000000000004,0.9187143225586876,1.625163005879658
img008_25percent.png,25percent,18.693509615384617,5.872439085048039,0.9935897435897436,0.3769030448717949,0.6440492799178791,0.10606798437002046,0.7858,0.28580000000000005,0.9253661922369011,1.644901250185863
img031_25percent.png,25percent,18.366185897435898,5.654040281985434,0.9935897435897436,0.3737980769230769,0.6425047720204717,0.10255966889293622,0.7806,0.28059999999999996,0.9478013881527673,1.7114737176975645
img026_25percent.png,25percent,18.495192307692307,5.425520708929029,0.9967948717948718,0.37560096153846156,0.6457846425732381,0.1059837948099937,0.7824,0.2824,0.9388682520478947,1.6849662195972843
